{
	"pages": [ //pages数组中第一项表示应用启动页,
		{
			"path": "pages/main/main",
			"style": {
				"navigationBarTitleText": "套餐列表"
			}
		}, {
			"path": "pages/login/login",
			"style": {
				"navigationBarTitleText": "登录"
			}
		}, {
			"path": "pages/reg/reg",
			"style": {
				"navigationBarTitleText": "注册"
			}
		}, {
			"path": "pages/pwd/pwd",
			"style": {
				"navigationBarTitleText": "找回密码"
			}
		}, {
			"path": "pages/user/user",
			"style": {
				"navigationBarTitleText": "我的"
			}
		}
        ,{
            "path" : "pages/list-detail/list-detail",
            "style" : {
				"navigationBarTitleText": "套餐详情"
			}
        }
        ,{
            "path" : "pages/yuyue-confirm/yuyue-confirm",
            "style" : {
				"navigationBarTitleText": "预约确认"
			}
        }
        ,{
            "path" : "pages/yuyue-list/yuyue-list",
            "style" : {
				"navigationBarTitleText": "预约列表"
			}
        }
        ,{
            "path" : "pages/edit-user/edit-user",
            "style" : {}
        }
        ,{
            "path" : "pages/edit-info/edit-info",
            "style" : {
				"navigationBarTitleText": "编辑预约信息"
			}
        }
        ,{
            "path" : "pages/done-list/done-list",
            "style" : {
				"navigationBarTitleText": "我的预约"
			}
        }
        ,{
            "path" : "pages/phone/phone",
            "style" : {}
        }
        ,{
            "path" : "pages/password/password",
            "style" : {}
        }
    ],
	"tabBar": {
		"color": "#7a7e83",
		"selectedColor": "#00FA9A",
		"backgroundColor": "#ffffff",
		"list": [{
			"pagePath": "pages/main/main",
			"text": "套餐列表",
			"iconPath": "static/img/home.png",
			"selectedIconPath": "static/img/home-act.png"
		}, 
		{
			"pagePath": "pages/yuyue-list/yuyue-list",
			"text": "预约列表",
			"iconPath": "static/img/doc.png",
			"selectedIconPath": "static/img/doc-act.png"
		}, {
			"pagePath": "pages/user/user",
			"text": "我的",
			"iconPath": "static/img/user.png",
			"selectedIconPath": "static/img/user-act.png"
		}]
	},
	"globalStyle": {
		"navigationBarTextStyle": "white",
		"navigationBarBackgroundColor": "#6495ED",
		"backgroundColor": "#fbf9fe"
	}
}
